Fusion_Type,Video_Index,Processing_Time_sec,Total_Detections,Total_Frames,FPS,Efficiency_Det_Per_Sec
MID,1,12.5,145,30,2.4,11.6
MID,2,15.3,167,30,1.9607843137254901,10.915032679738562
MID,3,11.8,132,30,2.542372881355932,11.1864406779661
LATE,1,15.2,142,30,1.973684210526316,9.342105263157896
LATE,2,18.7,165,30,1.6042780748663101,8.823529411764707
LATE,3,14.6,128,30,2.0547945205479454,8.767123287671232
